{"name": "Linear Signal Loss (\u03b3=+0.75)", "loss_GR": 0.15273034572601318, "loss_RN": 0.16068913042545319}