{"name": "Deathbed Unified (\u03b1=0.0073)", "loss_GR": 6.49860521662049e-05, "loss_RN": 0.2646142840385437}