{"name": "NonSymmetricAttentionTheory", "loss_GR": 1.8894798085685248e+18, "loss_RN": 1.8894798085685248e+18}