{"name": "Quantum Corrected (\u03b1=-1.00)", "loss_GR": 0.0024594432393090877, "loss_RN": 0.28237242462176076}