{"name": "Linear Signal Loss (\u03b3=+0.75)", "loss_GR": 0.1527443528175354, "loss_RN": 0.16070227324962616}