{"name": "Deathbed Unified (\u03b1=0.0070)", "loss_GR": 6.0456706705735996e-05, "loss_RN": 0.26476195454597473}