{"name": "Acausal (Final State)", "loss_GR": 1.089530627767125e-05, "loss_RN": 0.2670746612894395}