{"name": "Stochastic Noise (\u03c3=1.0e-07)", "loss_GR": 1.285351761603788e-12, "loss_RN": 0.26878348323536194}