{"name": "TeleparallelResidualDecoderTheory", "loss_GR": 1.0110289836845868e+21, "loss_RN": 1.0110289836845868e+21}