{"name": "EinsteinTeleDLMish0_3", "loss_GR": 1.1245611655364608e+17, "loss_RN": 1.1245611655364608e+17}