{"name": "Emergent (Hydrodynamic)", "loss_GR": 0.009601809084415436, "loss_RN": 0.29182082414627075}