{"name": "Variable G (\u03b4=-0.20)", "loss_GR": 1.1755831241607666, "loss_RN": 0.0031467503868043423}