{"name": "Linear Signal Loss (\u03b3=+1.00)", "loss_GR": 0.132891053045694, "loss_RN": 0.13301273542888106}