{"name": "Variable G (\u03b4=-0.10)", "loss_GR": 0.19657884618210142, "loss_RN": 0.08307638268444918}