{"name": "MultiHeadAttentionAffineNonSymmetricResidualDecoderTheory", "loss_GR": 1.0694862630289408e+16, "loss_RN": 1.0694862630289408e+16}