{"name": "Deathbed Unified (\u03b1=0.0073)", "loss_GR": 6.498605357188643e-05, "loss_RN": 0.2646142812168693}