{"name": "Log Corrected (\u03b2=+0.17)", "loss_GR": 0.6249522365949645, "loss_RN": 0.01212020500937821}