{"name": "Log Corrected (\u03b2=-0.50)", "loss_GR": 0.1280241161584854, "loss_RN": 0.4032297730445862}