{"name": "Log Corrected (\u03b2=-0.39)", "loss_GR": 0.1088777557015419, "loss_RN": 0.38534343242645264}