{"name": "Variable G (\u03b4=-0.00)", "loss_GR": 7.572898486749238e-12, "loss_RN": 0.26878415725527477}