{"name": "Log Corrected (\u03b2=-0.28)", "loss_GR": 0.079936193660669, "loss_RN": 0.3543053073779671}