{"name": "Einstein Regularised Core", "loss_GR": 1.3173101932190123e-12, "loss_RN": 0.26878345012664795}