{"name": "Quantum Corrected (\u03b1=-1.00)", "loss_GR": 0.002459443174302578, "loss_RN": 0.2823724150657654}