{"name": "Quantum Corrected (\u03b1=-2.00)", "loss_GR": 0.010180805344786244, "loss_RN": 0.29709021974293504}