{"name": "Log Corrected (\u03b2=+0.06)", "loss_GR": 0.032689422369003296, "loss_RN": 0.1808718740940094}