{"name": "Variable G (\u03b4=-0.40)", "loss_GR": 5.011847496032715, "loss_RN": 0.41979655623435974}