{"name": "Acausal (Final State)", "loss_GR": 1.0895306331804022e-05, "loss_RN": 0.26707467436790466}