{"name": "AffineResidualTheory", "loss_GR": 9.116652201312256e+16, "loss_RN": 9.116652201312256e+16}