{"name": "EinsteinKKInspiredGelu0_4", "loss_GR": 7.88095465100306e+18, "loss_RN": 7.88095465100306e+18}