{"name": "Quantum Corrected (\u03b1=+0.50)", "loss_GR": 0.0006174278678372502, "loss_RN": 0.25603464245796204}