{"name": "Einstein Final (Membrane, \u03b1=+0.00)", "loss_GR": 2.2598464220665573e-15, "loss_RN": 0.26878294348716736}