{"name": "TeleparallelNonSymmetricResidualAttentionDecoderTheory", "loss_GR": 9.21112182805391e+18, "loss_RN": 9.21112182805391e+18}