{"name": "Linear Signal Loss (\u03b3=+0.50)", "loss_GR": 0.11282232435863074, "loss_RN": 0.37382367970905567}