{"name": "Variable G (\u03b4=-0.30)", "loss_GR": 2.8558425903320312, "loss_RN": 0.1321093738079071}