{"name": "Linear Signal Loss (\u03b3=+1.00)", "loss_GR": 0.13287293910980225, "loss_RN": 0.13299688696861267}