{"name": "NonSymmetricResidualDecoderTheory", "loss_GR": 4.776634752826343e+18, "loss_RN": 4.776634752826343e+18}