{"name": "Log Corrected (\u03b2=-0.39)", "loss_GR": 0.10887775612492746, "loss_RN": 0.3853434318107535}