{"name": "EinsteinAutoencoderTorsionTheory", "loss_GR": 8.300839449953042e+18, "loss_RN": 8.300839449953042e+18}