{"name": "KaluzaAutoencoderTheory", "loss_GR": 1.3856298936303616e+17, "loss_RN": 1.3856298936303616e+17}