{"name": "Deathbed Unified (\u03b1=0.0070)", "loss_GR": 6.045670796548169e-05, "loss_RN": 0.2647619434254646}