{"name": "Linear Signal Loss (\u03b3=+0.50)", "loss_GR": 0.09988674673999333, "loss_RN": 0.4433601036743939}