{"name": "Log Corrected (\u03b2=+0.06)", "loss_GR": 0.032689423254303365, "loss_RN": 0.18087186964413407}