{"sim": [[46002905088.0, 0.0], [43156021248.0, 0.9740428924560547], [43877928960.0, 2.0194923877716064], [45512491008.0, 3.003674030303955], [44178116608.0, 4.024487495422363], [51461169152.0, 4.99599552154541], [60064899072.0, 5.607223033905029], [44142428160.0, 6.155763626098633], [37577179136.0, 8.073881149291992], [33333575680.0, 9.08028507232666], [44076277760.0, 10.705345153808594], [34837164032.0, 11.63333797454834], [42522734592.0, 14.386263847351074], [59724480512.0, 14.940835952758789], [9966728192.0, 17.09812355041504], [125974323200.0, 19.359594345092773], [232812150784.0, 19.423362731933594], [337639997440.0, 19.447254180908203], [441642516480.0, 19.459842681884766], [544937148416.0, 19.467641830444336], [647771455488.0, 19.472959518432617], [750281818112.0, 19.476825714111328], [852551598080.0, 19.479761123657227], [954635452416.0, 19.482070922851562], [1056528400384.0, 19.483932495117188], [1158058082304.0, 19.4854679107666], [1259487756288.0, 19.486759185791016], [1360832233472.0, 19.487857818603516], [1462103965696.0, 19.488801956176758], [1563312914432.0, 19.489625930786133], [1664466681856.0, 19.4903507232666], [1765572083712.0, 19.490989685058594], [1866634625024.0, 19.491558074951172], [1967658369024.0, 19.4920711517334], [2068647378944.0, 19.49253273010254], [2169590382592.0, 19.492950439453125], [2270371512320.0, 19.493331909179688], [2371127083008.0, 19.493682861328125], [2471858536448.0, 19.494001388549805], [2572567969792.0, 19.49429702758789], [2673256955904.0, 19.494569778442383], [2773927329792.0, 19.494823455810547], [2874580140032.0, 19.495058059692383], [2975216959488.0, 19.495277404785156], [3075796893696.0, 19.495485305786133], [3176300281856.0, 19.495676040649414], [3276790562816.0, 19.4958553314209], [3377267998720.0, 19.49602699279785], [3477733900288.0, 19.496185302734375], [3578188529664.0, 19.496337890625], [3678632673280.0, 19.49648094177246]], "gr": [[46002905088.0, 0.0], [51237928960.0, 0.690782904624939], [35343532032.0, 2.160335063934326], [107554398208.0, 2.6848065853118896], [172444319744.0, 2.784536600112915], [229698060288.0, 2.831780433654785], [283885600768.0, 2.8605539798736572], [335634857984.0, 2.8802502155303955], [385589182464.0, 2.894763708114624], [437766717440.0, 2.9059104919433594], [492008243200.0, 2.914635181427002], [545107181568.0, 2.9216365814208984], [598813769728.0, 2.9273929595947266], [652471042048.0, 2.9322006702423096], [707577315328.0, 2.9362685680389404], [762629259264.0, 2.9397501945495605], [817507074048.0, 2.942760467529297], [871148093440.0, 2.9453980922698975], [925804986368.0, 2.9477272033691406], [980453228544.0, 2.949796199798584], [1035259281408.0, 2.9516470432281494], [1089697087488.0, 2.9533116817474365], [1144047796224.0, 2.9548184871673584], [1198312128512.0, 2.956188440322876], [1253545213952.0, 2.9574389457702637], [1309260906496.0, 2.958583116531372], [1364248494080.0, 2.95963454246521], [1419936792576.0, 2.960604190826416], [1474889908224.0, 2.961500644683838], [1529081102336.0, 2.9623334407806396], [1583204532224.0, 2.9631094932556152], [1638172196864.0, 2.963834285736084], [1693959323648.0, 2.9645113945007324], [1748980334592.0, 2.9651453495025635], [1803289362432.0, 2.96574068069458], [1857441234944.0, 2.966301441192627], [1912054218752.0, 2.966830253601074], [1966931836928.0, 2.967329740524292], [2022290489344.0, 2.967801809310913], [2077399187456.0, 2.9682488441467285], [2132274839552.0, 2.968672752380371], [2187249188864.0, 2.9690754413604736], [2242186051584.0, 2.9694583415985107], [2296536629248.0, 2.969823122024536], [2351332851712.0, 2.9701709747314453], [2406452559872.0, 2.9705028533935547], [2462269046784.0, 2.9708197116851807], [2518098378752.0, 2.9711227416992188], [2574393016320.0, 2.971412420272827], [2630953992192.0, 2.9716901779174805], [2687513395200.0, 2.9719560146331787]], "theory": "Linear Signal Loss (\u03b3=+0.75)"}