{"sim": [[46002905088.0, 0.0], [35478409216.0, 1.441084384918213], [70113083392.0, 2.085744857788086], [51455143936.0, 2.56805419921875], [23798464512.0, 4.236673355102539], [80632496128.0, 7.662479877471924], [184447254528.0, 7.785675048828125], [281539346432.0, 7.821767807006836], [376571559936.0, 7.839470863342285], [470486089728.0, 7.850069522857666], [563382910976.0, 7.857152938842773], [655539175424.0, 7.86223840713501], [747335057408.0, 7.866072177886963], [838463062016.0, 7.8690690994262695], [929351204864.0, 7.871479511260986], [1020060958720.0, 7.87346076965332], [1110566764544.0, 7.875118255615234], [1201008541696.0, 7.876526832580566], [1291343757312.0, 7.877737522125244], [1381586698240.0, 7.878789901733398], [1471749292032.0, 7.879713535308838], [1561707282432.0, 7.880529880523682], [1651530006528.0, 7.881258010864258], [1741296369664.0, 7.881911754608154], [1831012401152.0, 7.882500648498535], [1920682557440.0, 7.8830342292785645], [2010311163904.0, 7.883520126342773], [2099887472640.0, 7.883964538574219], [2189887012864.0, 7.884372711181641], [2280291303424.0, 7.884748935699463], [2370666233856.0, 7.885096073150635], [2461012852736.0, 7.885417938232422], [2551335092224.0, 7.885716915130615], [2641633476608.0, 7.885995388031006], [2731910103040.0, 7.886255264282227], [2822166282240.0, 7.886499404907227], [2912403062784.0, 7.886727809906006], [3002621755392.0, 7.886942386627197], [3093122514944.0, 7.887145042419434], [3183722364928.0, 7.887335777282715], [3274307010560.0, 7.887516021728516], [3364877500416.0, 7.887686252593994], [3455433834496.0, 7.887847900390625], [3545978109952.0, 7.888001441955566], [3636509802496.0, 7.888146877288818], [3727029960704.0, 7.8882856369018555], [3817539108864.0, 7.8884172439575195], [3908037509120.0, 7.888543128967285], [3998525947904.0, 7.888663291931152], [4089004949504.0, 7.888778209686279], [4179474776064.0, 7.888888359069824]], "gr": [[46002905088.0, 0.0], [51237928960.0, 0.690782904624939], [35343532032.0, 2.160335063934326], [107554398208.0, 2.6848065853118896], [172444319744.0, 2.784536600112915], [229698060288.0, 2.831780433654785], [283885600768.0, 2.8605539798736572], [335634857984.0, 2.8802502155303955], [385589182464.0, 2.894763708114624], [437766717440.0, 2.9059104919433594], [492008243200.0, 2.914635181427002], [545107181568.0, 2.9216365814208984], [598813769728.0, 2.9273929595947266], [652471042048.0, 2.9322006702423096], [707577315328.0, 2.9362685680389404], [762629259264.0, 2.9397501945495605], [817507074048.0, 2.942760467529297], [871148093440.0, 2.9453980922698975], [925804986368.0, 2.9477272033691406], [980453228544.0, 2.949796199798584], [1035259281408.0, 2.9516470432281494], [1089697087488.0, 2.9533116817474365], [1144047796224.0, 2.9548184871673584], [1198312128512.0, 2.956188440322876], [1253545213952.0, 2.9574389457702637], [1309260906496.0, 2.958583116531372], [1364248494080.0, 2.95963454246521], [1419936792576.0, 2.960604190826416], [1474889908224.0, 2.961500644683838], [1529081102336.0, 2.9623334407806396], [1583204532224.0, 2.9631094932556152], [1638172196864.0, 2.963834285736084], [1693959323648.0, 2.9645113945007324], [1748980334592.0, 2.9651453495025635], [1803289362432.0, 2.96574068069458], [1857441234944.0, 2.966301441192627], [1912054218752.0, 2.966830253601074], [1966931836928.0, 2.967329740524292], [2022290489344.0, 2.967801809310913], [2077399187456.0, 2.9682488441467285], [2132274839552.0, 2.968672752380371], [2187249188864.0, 2.9690754413604736], [2242186051584.0, 2.9694583415985107], [2296536629248.0, 2.969823122024536], [2351332851712.0, 2.9701709747314453], [2406452559872.0, 2.9705028533935547], [2462269046784.0, 2.9708197116851807], [2518098378752.0, 2.9711227416992188], [2574393016320.0, 2.971412420272827], [2630953992192.0, 2.9716901779174805], [2687513395200.0, 2.9719560146331787]], "theory": "Linear Signal Loss (\u03b3=+1.00)"}