{"sim": [[46002905088.0, 0.0], [51974365184.0, 0.972700834274292], [39460114432.0, 1.712490200996399], [25313087488.0, 4.932044982910156], [65689911296.0, 6.184278964996338], [78070636544.0, 6.519027233123779], [57509224448.0, 6.912466049194336], [22012710912.0, 10.399024963378906], [142751694848.0, 10.984419822692871], [253960503296.0, 11.036088943481445], [362667802624.0, 11.056464195251465], [470400761856.0, 11.067469596862793], [577599635456.0, 11.074380874633789], [684447694848.0, 11.079131126403809], [791047176192.0, 11.082599639892578], [897461190656.0, 11.085245132446289], [1003731222528.0, 11.08733081817627], [1109741928448.0, 11.089016914367676], [1215514148864.0, 11.090408325195312], [1321208119296.0, 11.091577529907227], [1426836160512.0, 11.092573165893555], [1532224602112.0, 11.093432426452637], [1637340545024.0, 11.094181060791016], [1742413758464.0, 11.094839096069336], [1847448698880.0, 11.09542179107666], [1952449953792.0, 11.095942497253418], [2057420931072.0, 11.096409797668457], [2162271715328.0, 11.096831321716309], [2267159986176.0, 11.097214698791504], [2372063199232.0, 11.097562789916992], [2476945702912.0, 11.097883224487305], [2581809594368.0, 11.098176956176758], [2686656446464.0, 11.0984468460083], [2791487045632.0, 11.098697662353516], [2896302964736.0, 11.098930358886719], [3001085067264.0, 11.099145889282227], [3105567277056.0, 11.099347114562988], [3210037428224.0, 11.09953498840332], [3314496569344.0, 11.099711418151855], [3418945224704.0, 11.09987735748291], [3523384180736.0, 11.100032806396484], [3627813699584.0, 11.100179672241211], [3732234567680.0, 11.100318908691406], [3836647047168.0, 11.10045051574707], [3941051662336.0, 11.100574493408203], [4045448937472.0, 11.100691795349121], [4149839396864.0, 11.100805282592773], [4254387404800.0, 11.100910186767578], [4358978666496.0, 11.101012229919434], [4463564685312.0, 11.101107597351074], [4568143888384.0, 11.101202011108398]], "gr": [[46002905088.0, 0.0], [51237928960.0, 0.690782904624939], [35343532032.0, 2.160335063934326], [107554398208.0, 2.6848065853118896], [172444319744.0, 2.784536600112915], [229698060288.0, 2.831780433654785], [283885600768.0, 2.8605539798736572], [335634857984.0, 2.8802502155303955], [385589182464.0, 2.894763708114624], [437766717440.0, 2.9059104919433594], [492008243200.0, 2.914635181427002], [545107181568.0, 2.9216365814208984], [598813769728.0, 2.9273929595947266], [652471042048.0, 2.9322006702423096], [707577315328.0, 2.9362685680389404], [762629259264.0, 2.9397501945495605], [817507074048.0, 2.942760467529297], [871148093440.0, 2.9453980922698975], [925804986368.0, 2.9477272033691406], [980453228544.0, 2.949796199798584], [1035259281408.0, 2.9516470432281494], [1089697087488.0, 2.9533116817474365], [1144047796224.0, 2.9548184871673584], [1198312128512.0, 2.956188440322876], [1253545213952.0, 2.9574389457702637], [1309260906496.0, 2.958583116531372], [1364248494080.0, 2.95963454246521], [1419936792576.0, 2.960604190826416], [1474889908224.0, 2.961500644683838], [1529081102336.0, 2.9623334407806396], [1583204532224.0, 2.9631094932556152], [1638172196864.0, 2.963834285736084], [1693959323648.0, 2.9645113945007324], [1748980334592.0, 2.9651453495025635], [1803289362432.0, 2.96574068069458], [1857441234944.0, 2.966301441192627], [1912054218752.0, 2.966830253601074], [1966931836928.0, 2.967329740524292], [2022290489344.0, 2.967801809310913], [2077399187456.0, 2.9682488441467285], [2132274839552.0, 2.968672752380371], [2187249188864.0, 2.9690754413604736], [2242186051584.0, 2.9694583415985107], [2296536629248.0, 2.969823122024536], [2351332851712.0, 2.9701709747314453], [2406452559872.0, 2.9705028533935547], [2462269046784.0, 2.9708197116851807], [2518098378752.0, 2.9711227416992188], [2574393016320.0, 2.971412420272827], [2630953992192.0, 2.9716901779174805], [2687513395200.0, 2.9719560146331787]], "theory": "Linear Signal Loss (\u03b3=+0.50)"}