{"sim": [[46002905088.0, 0.0], [37448622080.0, 1.2909469604492188], [35411353600.0, 2.7657546997070312], [54507585536.0, 3.7472944259643555], [60656193536.0, 4.28272008895874], [45331894272.0, 4.912274360656738], [50382307328.0, 8.19768238067627], [126999724032.0, 8.476901054382324], [190899568640.0, 8.55357551574707], [248725454848.0, 8.593128204345703], [304668966912.0, 8.617879867553711], [360830238720.0, 8.634990692138672], [418439495680.0, 8.647433280944824], [475943370752.0, 8.656858444213867], [532267532288.0, 8.664270401000977], [588836438016.0, 8.670271873474121], [646415908864.0, 8.67520523071289], [704157712384.0, 8.679329872131348], [761710510080.0, 8.682832717895508], [819207602176.0, 8.685842514038086], [875542544384.0, 8.688460350036621], [931966025728.0, 8.690763473510742], [988161507328.0, 8.692801475524902], [1043032702976.0, 8.694623947143555], [1097276784640.0, 8.696264266967773], [1150930649088.0, 8.697751998901367], [1204646969344.0, 8.69910717010498], [1258803691520.0, 8.700345993041992], [1312664059904.0, 8.701485633850098], [1366801252352.0, 8.702532768249512], [1421058637824.0, 8.703499794006348], [1474990440448.0, 8.70439624786377], [1529067864064.0, 8.705229759216309], [1583922151424.0, 8.706005096435547], [1638553485312.0, 8.706729888916016], [1692342419456.0, 8.707406997680664], [1745237049344.0, 8.708043098449707], [1797699272704.0, 8.708641052246094], [1849727516672.0, 8.709205627441406], [1901152305152.0, 8.709739685058594], [1951559843840.0, 8.710245132446289], [2001843781632.0, 8.710726737976074], [2052031774720.0, 8.71118450164795], [2101834809344.0, 8.711620330810547], [2151270973440.0, 8.712035179138184], [2200492048384.0, 8.712431907653809], [2249854812160.0, 8.712811470031738], [2299576188928.0, 8.713173866271973], [2349178290176.0, 8.713521957397461], [2398758109184.0, 8.713854789733887], [2448237789184.0, 8.714174270629883]], "gr": [[46002905088.0, 0.0], [51237928960.0, 0.690782904624939], [35343532032.0, 2.160335063934326], [107554398208.0, 2.6848065853118896], [172444319744.0, 2.784536600112915], [229698060288.0, 2.831780433654785], [283885600768.0, 2.8605539798736572], [335634857984.0, 2.8802502155303955], [385589182464.0, 2.894763708114624], [437766717440.0, 2.9059104919433594], [492008243200.0, 2.914635181427002], [545107181568.0, 2.9216365814208984], [598813769728.0, 2.9273929595947266], [652471042048.0, 2.9322006702423096], [707577315328.0, 2.9362685680389404], [762629259264.0, 2.9397501945495605], [817507074048.0, 2.942760467529297], [871148093440.0, 2.9453980922698975], [925804986368.0, 2.9477272033691406], [980453228544.0, 2.949796199798584], [1035259281408.0, 2.9516470432281494], [1089697087488.0, 2.9533116817474365], [1144047796224.0, 2.9548184871673584], [1198312128512.0, 2.956188440322876], [1253545213952.0, 2.9574389457702637], [1309260906496.0, 2.958583116531372], [1364248494080.0, 2.95963454246521], [1419936792576.0, 2.960604190826416], [1474889908224.0, 2.961500644683838], [1529081102336.0, 2.9623334407806396], [1583204532224.0, 2.9631094932556152], [1638172196864.0, 2.963834285736084], [1693959323648.0, 2.9645113945007324], [1748980334592.0, 2.9651453495025635], [1803289362432.0, 2.96574068069458], [1857441234944.0, 2.966301441192627], [1912054218752.0, 2.966830253601074], [1966931836928.0, 2.967329740524292], [2022290489344.0, 2.967801809310913], [2077399187456.0, 2.9682488441467285], [2132274839552.0, 2.968672752380371], [2187249188864.0, 2.9690754413604736], [2242186051584.0, 2.9694583415985107], [2296536629248.0, 2.969823122024536], [2351332851712.0, 2.9701709747314453], [2406452559872.0, 2.9705028533935547], [2462269046784.0, 2.9708197116851807], [2518098378752.0, 2.9711227416992188], [2574393016320.0, 2.971412420272827], [2630953992192.0, 2.9716901779174805], [2687513395200.0, 2.9719560146331787]], "theory": "Quantum Linear Signal Loss (\u03b2=+0.10)"}