{"sim": [[46002905088.0, 0.0], [64195952640.0, 0.637825071811676], [76802236416.0, 0.995319664478302], [69326315520.0, 1.3480546474456787], [27284885504.0, 2.2425434589385986], [57462435840.0, 4.68375825881958], [90360135680.0, 5.0179548263549805], [103089840128.0, 5.2148308753967285], [104845959168.0, 5.386206150054932], [97926299648.0, 5.5666985511779785], [91505467392.0, 5.776358127593994], [64610889728.0, 6.072249412536621], [30322012160.0, 7.644639015197754], [51806527488.0, 8.781641960144043], [49174929408.0, 9.590559005737305], [44392513536.0, 10.375749588012695], [51587608576.0, 11.549822807312012], [38638174208.0, 12.33856201171875], [41357787136.0, 13.715261459350586], [63032598528.0, 14.350126266479492], [46274908160.0, 14.915668487548828], [49057751040.0, 16.19412612915039], [97459322880.0, 16.56774139404297], [136227364864.0, 16.707780838012695], [169603252224.0, 16.788705825805664], [199575584768.0, 16.844051361083984], [227110895616.0, 16.885421752929688], [252772237312.0, 16.918100357055664], [276798472192.0, 16.94490623474121], [299097391104.0, 16.967578887939453], [320321257472.0, 16.987173080444336], [340608483328.0, 17.004383087158203], [360067629056.0, 17.019691467285156], [378786185216.0, 17.033456802368164], [396835618816.0, 17.045948028564453], [414275534848.0, 17.057371139526367], [431156396032.0, 17.06788444519043], [447521095680.0, 17.077617645263672], [463406792704.0, 17.086671829223633], [478845665280.0, 17.095134735107422], [493866156032.0, 17.10307502746582], [508493463552.0, 17.110553741455078], [522749804544.0, 17.117616653442383], [537247973376.0, 17.124296188354492], [550509412352.0, 17.130645751953125], [563454410752.0, 17.136701583862305], [576097353728.0, 17.142486572265625], [588451479552.0, 17.148027420043945], [600528715776.0, 17.153343200683594], [612340006912.0, 17.158447265625], [623895707648.0, 17.163358688354492]], "gr": [[46002905088.0, 0.0], [51237928960.0, 0.690782904624939], [35343532032.0, 2.160335063934326], [107554398208.0, 2.6848065853118896], [172444319744.0, 2.784536600112915], [229698060288.0, 2.831780433654785], [283885600768.0, 2.8605539798736572], [335634857984.0, 2.8802502155303955], [385589182464.0, 2.894763708114624], [437766717440.0, 2.9059104919433594], [492008243200.0, 2.914635181427002], [545107181568.0, 2.9216365814208984], [598813769728.0, 2.9273929595947266], [652471042048.0, 2.9322006702423096], [707577315328.0, 2.9362685680389404], [762629259264.0, 2.9397501945495605], [817507074048.0, 2.942760467529297], [871148093440.0, 2.9453980922698975], [925804986368.0, 2.9477272033691406], [980453228544.0, 2.949796199798584], [1035259281408.0, 2.9516470432281494], [1089697087488.0, 2.9533116817474365], [1144047796224.0, 2.9548184871673584], [1198312128512.0, 2.956188440322876], [1253545213952.0, 2.9574389457702637], [1309260906496.0, 2.958583116531372], [1364248494080.0, 2.95963454246521], [1419936792576.0, 2.960604190826416], [1474889908224.0, 2.961500644683838], [1529081102336.0, 2.9623334407806396], [1583204532224.0, 2.9631094932556152], [1638172196864.0, 2.963834285736084], [1693959323648.0, 2.9645113945007324], [1748980334592.0, 2.9651453495025635], [1803289362432.0, 2.96574068069458], [1857441234944.0, 2.966301441192627], [1912054218752.0, 2.966830253601074], [1966931836928.0, 2.967329740524292], [2022290489344.0, 2.967801809310913], [2077399187456.0, 2.9682488441467285], [2132274839552.0, 2.968672752380371], [2187249188864.0, 2.9690754413604736], [2242186051584.0, 2.9694583415985107], [2296536629248.0, 2.969823122024536], [2351332851712.0, 2.9701709747314453], [2406452559872.0, 2.9705028533935547], [2462269046784.0, 2.9708197116851807], [2518098378752.0, 2.9711227416992188], [2574393016320.0, 2.971412420272827], [2630953992192.0, 2.9716901779174805], [2687513395200.0, 2.9719560146331787]], "theory": "Linear Signal Loss (\u03b3=+0.25)"}