{"sim": [[46002905088.0, 0.0], [50782765056.0, 0.7102463245391846], [34644975616.0, 2.1684648990631104], [58994659328.0, 3.1036012172698975], [48363855872.0, 3.7409942150115967], [35586330624.0, 4.849847316741943], [72548384768.0, 5.552445888519287], [80532013056.0, 5.840852737426758], [40099094528.0, 6.35664701461792], [62934683648.0, 9.603781700134277], [143471804416.0, 9.811605453491211], [221705388032.0, 9.870524406433105], [298842619904.0, 9.898882865905762], [375660478464.0, 9.915609359741211], [451923083264.0, 9.926671028137207], [527804792832.0, 9.934544563293457], [603408236544.0, 9.940442085266113], [678799278080.0, 9.945028305053711], [754023006208.0, 9.948698997497559], [829111140352.0, 9.951702117919922], [904087207936.0, 9.954208374023438], [978969231360.0, 9.956330299377441], [1053813768192.0, 9.958151817321777], [1129037692928.0, 9.959731101989746], [1204289667072.0, 9.961112022399902], [1279488819200.0, 9.962329864501953], [1354640916480.0, 9.963414192199707], [1429751070720.0, 9.964384078979492], [1504833830912.0, 9.965256690979004], [1580077940736.0, 9.966047286987305], [1655291248640.0, 9.966766357421875], [1730476769280.0, 9.967422485351562], [1805636468736.0, 9.968023300170898], [1880772575232.0, 9.968576431274414], [1955887054848.0, 9.969086647033691], [2030981480448.0, 9.969559669494629], [2106007355392.0, 9.970000267028809], [2180677500928.0, 9.970409393310547], [2255288008704.0, 9.97079086303711], [2329883181056.0, 9.971148490905762], [2404464459776.0, 9.97148323059082], [2479032631296.0, 9.97179889678955], [2553587957760.0, 9.972095489501953], [2628131487744.0, 9.972375869750977], [2702664007680.0, 9.972639083862305], [2777186304000.0, 9.97288990020752], [2851698376704.0, 9.973126411437988], [2926201012224.0, 9.97335147857666], [3000471912448.0, 9.973565101623535], [3074458910720.0, 9.973769187927246], [3148640157696.0, 9.973962783813477]], "gr": [[46002905088.0, 0.0], [51237928960.0, 0.690782904624939], [35343532032.0, 2.160335063934326], [107554398208.0, 2.6848065853118896], [172444319744.0, 2.784536600112915], [229698060288.0, 2.831780433654785], [283885600768.0, 2.8605539798736572], [335634857984.0, 2.8802502155303955], [385589182464.0, 2.894763708114624], [437766717440.0, 2.9059104919433594], [492008243200.0, 2.914635181427002], [545107181568.0, 2.9216365814208984], [598813769728.0, 2.9273929595947266], [652471042048.0, 2.9322006702423096], [707577315328.0, 2.9362685680389404], [762629259264.0, 2.9397501945495605], [817507074048.0, 2.942760467529297], [871148093440.0, 2.9453980922698975], [925804986368.0, 2.9477272033691406], [980453228544.0, 2.949796199798584], [1035259281408.0, 2.9516470432281494], [1089697087488.0, 2.9533116817474365], [1144047796224.0, 2.9548184871673584], [1198312128512.0, 2.956188440322876], [1253545213952.0, 2.9574389457702637], [1309260906496.0, 2.958583116531372], [1364248494080.0, 2.95963454246521], [1419936792576.0, 2.960604190826416], [1474889908224.0, 2.961500644683838], [1529081102336.0, 2.9623334407806396], [1583204532224.0, 2.9631094932556152], [1638172196864.0, 2.963834285736084], [1693959323648.0, 2.9645113945007324], [1748980334592.0, 2.9651453495025635], [1803289362432.0, 2.96574068069458], [1857441234944.0, 2.966301441192627], [1912054218752.0, 2.966830253601074], [1966931836928.0, 2.967329740524292], [2022290489344.0, 2.967801809310913], [2077399187456.0, 2.9682488441467285], [2132274839552.0, 2.968672752380371], [2187249188864.0, 2.9690754413604736], [2242186051584.0, 2.9694583415985107], [2296536629248.0, 2.969823122024536], [2351332851712.0, 2.9701709747314453], [2406452559872.0, 2.9705028533935547], [2462269046784.0, 2.9708197116851807], [2518098378752.0, 2.9711227416992188], [2574393016320.0, 2.971412420272827], [2630953992192.0, 2.9716901779174805], [2687513395200.0, 2.9719560146331787]], "theory": "Linear Signal Loss (\u03b3=+0.00)"}