{"sim": [[46002905088.0, 0.0], [64195952640.0, 0.637825071811676], [78539513856.0, 0.9944286346435547], [53314183168.0, 1.4134269952774048], [29726332928.0, 3.2183585166931152], [81313587200.0, 4.0127668380737305], [109086015488.0, 4.219491958618164], [128841883648.0, 4.351875305175781], [142728429568.0, 4.453367710113525], [151867539456.0, 4.539590358734131], [156826648576.0, 4.618112564086914], [157871144960.0, 4.693667411804199], [155053621248.0, 4.770080089569092], [148229619712.0, 4.851431369781494], [137012985856.0, 4.943409442901611], [123154038784.0, 5.0548810958862305], [104930852864.0, 5.198683738708496], [86862389248.0, 5.410070896148682], [66041675776.0, 5.714268207550049], [33086740480.0, 6.770684242248535], [73696174080.0, 7.53732442855835], [93444677632.0, 7.798447132110596], [105917644800.0, 7.983124732971191], [108144394240.0, 8.14501953125], [102066765824.0, 8.31290340423584], [92074483712.0, 8.516353607177734], [84193853440.0, 8.749372482299805], [35525455872.0, 9.292930603027344], [76081528832.0, 12.185564994812012], [176664215552.0, 12.325511932373047], [274828378112.0, 12.364140510559082], [371634929664.0, 12.382521629333496], [466908839936.0, 12.393342971801758], [561733566464.0, 12.40050220489502], [656250109952.0, 12.405597686767578], [750541799424.0, 12.409411430358887], [844661915648.0, 12.412374496459961], [938646831104.0, 12.414742469787598], [1032522235904.0, 12.416680335998535], [1125901139968.0, 12.41829776763916], [1219029762048.0, 12.41966724395752], [1312093765632.0, 12.420843124389648], [1405102194688.0, 12.42186164855957], [1498061864960.0, 12.422754287719727], [1591330471936.0, 12.423541069030762], [1684623065088.0, 12.42424201965332], [1777881841664.0, 12.424869537353516], [1871110209536.0, 12.425434112548828], [1964311576576.0, 12.425944328308105], [2057487777792.0, 12.426408767700195], [2150441680896.0, 12.426833152770996]], "gr": [[46002905088.0, 0.0], [50782765056.0, 0.7102463245391846], [34644975616.0, 2.1684648990631104], [58994659328.0, 3.1036012172698975], [48363855872.0, 3.7409942150115967], [35586330624.0, 4.849847316741943], [72548384768.0, 5.552445888519287], [80532013056.0, 5.840852737426758], [40099094528.0, 6.35664701461792], [62934683648.0, 9.603781700134277], [143471804416.0, 9.811605453491211], [221705388032.0, 9.870524406433105], [298842619904.0, 9.898882865905762], [375660478464.0, 9.915609359741211], [451923083264.0, 9.926671028137207], [527804792832.0, 9.934544563293457], [603408236544.0, 9.940442085266113], [678799278080.0, 9.945028305053711], [754023006208.0, 9.948698997497559], [829111140352.0, 9.951702117919922], [904087207936.0, 9.954208374023438], [978969231360.0, 9.956330299377441], [1053813768192.0, 9.958151817321777], [1129037692928.0, 9.959731101989746], [1204289667072.0, 9.961112022399902], [1279488819200.0, 9.962329864501953], [1354640916480.0, 9.963414192199707], [1429751070720.0, 9.964384078979492], [1504833830912.0, 9.965256690979004], [1580077940736.0, 9.966047286987305], [1655291248640.0, 9.966766357421875], [1730476769280.0, 9.967422485351562], [1805636468736.0, 9.968023300170898], [1880772575232.0, 9.968576431274414], [1955887054848.0, 9.969086647033691], [2030981480448.0, 9.969559669494629], [2106007355392.0, 9.970000267028809], [2180677500928.0, 9.970409393310547], [2255288008704.0, 9.97079086303711], [2329883181056.0, 9.971148490905762], [2404464459776.0, 9.97148323059082], [2479032631296.0, 9.97179889678955], [2553587957760.0, 9.972095489501953], [2628131487744.0, 9.972375869750977], [2702664007680.0, 9.972639083862305], [2777186304000.0, 9.97288990020752], [2851698376704.0, 9.973126411437988], [2926201012224.0, 9.97335147857666], [3000471912448.0, 9.973565101623535], [3074458910720.0, 9.973769187927246], [3148640157696.0, 9.973962783813477]], "theory": "Linear Signal Loss (\u03b3=+0.25)"}