{"sim": [[46002905088.0, 0.0], [50782765056.0, 0.7102463245391846], [34644975616.0, 2.1684648990631104], [58994659328.0, 3.1036012172698975], [48363855872.0, 3.7409942150115967], [35586330624.0, 4.849847316741943], [72548384768.0, 5.552445888519287], [80532013056.0, 5.840852737426758], [40099094528.0, 6.35664701461792], [62934683648.0, 9.603781700134277], [143471804416.0, 9.811605453491211], [221705388032.0, 9.870524406433105], [298842619904.0, 9.898882865905762], [375660478464.0, 9.915609359741211], [451923083264.0, 9.926671028137207], [527804792832.0, 9.934544563293457], [603408236544.0, 9.940442085266113], [678799278080.0, 9.945028305053711], [754023006208.0, 9.948698997497559], [829111140352.0, 9.951702117919922], [904087207936.0, 9.954208374023438], [978969231360.0, 9.956330299377441], [1053813768192.0, 9.958151817321777], [1129037692928.0, 9.959731101989746], [1204289667072.0, 9.961112022399902], [1279488819200.0, 9.962329864501953], [1354640916480.0, 9.963414192199707], [1429751070720.0, 9.964384078979492], [1504833830912.0, 9.965256690979004], [1580077940736.0, 9.966047286987305], [1655291248640.0, 9.966766357421875], [1730476769280.0, 9.967422485351562], [1805636468736.0, 9.968023300170898], [1880772575232.0, 9.968576431274414], [1955887054848.0, 9.969086647033691], [2030981480448.0, 9.969559669494629], [2106007355392.0, 9.970000267028809], [2180677500928.0, 9.970409393310547], [2255288008704.0, 9.97079086303711], [2329883181056.0, 9.971148490905762], [2404464459776.0, 9.97148323059082], [2479032631296.0, 9.97179889678955], [2553587957760.0, 9.972095489501953], [2628131487744.0, 9.972375869750977], [2702664007680.0, 9.972639083862305], [2777186304000.0, 9.97288990020752], [2851698376704.0, 9.973126411437988], [2926201012224.0, 9.97335147857666], [3000471912448.0, 9.973565101623535], [3074458910720.0, 9.973769187927246], [3148640157696.0, 9.973962783813477]], "gr": [[46002905088.0, 0.0], [50782765056.0, 0.7102463245391846], [34644975616.0, 2.1684648990631104], [58994659328.0, 3.1036012172698975], [48363855872.0, 3.7409942150115967], [35586330624.0, 4.849847316741943], [72548384768.0, 5.552445888519287], [80532013056.0, 5.840852737426758], [40099094528.0, 6.35664701461792], [62934683648.0, 9.603781700134277], [143471804416.0, 9.811605453491211], [221705388032.0, 9.870524406433105], [298842619904.0, 9.898882865905762], [375660478464.0, 9.915609359741211], [451923083264.0, 9.926671028137207], [527804792832.0, 9.934544563293457], [603408236544.0, 9.940442085266113], [678799278080.0, 9.945028305053711], [754023006208.0, 9.948698997497559], [829111140352.0, 9.951702117919922], [904087207936.0, 9.954208374023438], [978969231360.0, 9.956330299377441], [1053813768192.0, 9.958151817321777], [1129037692928.0, 9.959731101989746], [1204289667072.0, 9.961112022399902], [1279488819200.0, 9.962329864501953], [1354640916480.0, 9.963414192199707], [1429751070720.0, 9.964384078979492], [1504833830912.0, 9.965256690979004], [1580077940736.0, 9.966047286987305], [1655291248640.0, 9.966766357421875], [1730476769280.0, 9.967422485351562], [1805636468736.0, 9.968023300170898], [1880772575232.0, 9.968576431274414], [1955887054848.0, 9.969086647033691], [2030981480448.0, 9.969559669494629], [2106007355392.0, 9.970000267028809], [2180677500928.0, 9.970409393310547], [2255288008704.0, 9.97079086303711], [2329883181056.0, 9.971148490905762], [2404464459776.0, 9.97148323059082], [2479032631296.0, 9.97179889678955], [2553587957760.0, 9.972095489501953], [2628131487744.0, 9.972375869750977], [2702664007680.0, 9.972639083862305], [2777186304000.0, 9.97288990020752], [2851698376704.0, 9.973126411437988], [2926201012224.0, 9.97335147857666], [3000471912448.0, 9.973565101623535], [3074458910720.0, 9.973769187927246], [3148640157696.0, 9.973962783813477]], "theory": "Linear Signal Loss (\u03b3=+0.00)"}