{"sim": [[46002905088.0, 0.0], [35478409216.0, 1.441084384918213], [70113083392.0, 2.085744857788086], [51455143936.0, 2.56805419921875], [23798464512.0, 4.236673355102539], [80632496128.0, 7.662479877471924], [184447254528.0, 7.785675048828125], [281539346432.0, 7.821767807006836], [376571559936.0, 7.839470863342285], [470486089728.0, 7.850069522857666], [563382910976.0, 7.857152938842773], [655539175424.0, 7.86223840713501], [747335057408.0, 7.866072177886963], [838463062016.0, 7.8690690994262695], [929351204864.0, 7.871479511260986], [1020060958720.0, 7.87346076965332], [1110566764544.0, 7.875118255615234], [1201008541696.0, 7.876526832580566], [1291343757312.0, 7.877737522125244], [1381586698240.0, 7.878789901733398], [1471749292032.0, 7.879713535308838], [1561707282432.0, 7.880529880523682], [1651530006528.0, 7.881258010864258], [1741296369664.0, 7.881911754608154], [1831012401152.0, 7.882500648498535], [1920682557440.0, 7.8830342292785645], [2010311163904.0, 7.883520126342773], [2099887472640.0, 7.883964538574219], [2189887012864.0, 7.884372711181641], [2280291303424.0, 7.884748935699463], [2370666233856.0, 7.885096073150635], [2461012852736.0, 7.885417938232422], [2551335092224.0, 7.885716915130615], [2641633476608.0, 7.885995388031006], [2731910103040.0, 7.886255264282227], [2822166282240.0, 7.886499404907227], [2912403062784.0, 7.886727809906006], [3002621755392.0, 7.886942386627197], [3093122514944.0, 7.887145042419434], [3183722364928.0, 7.887335777282715], [3274307010560.0, 7.887516021728516], [3364877500416.0, 7.887686252593994], [3455433834496.0, 7.887847900390625], [3545978109952.0, 7.888001441955566], [3636509802496.0, 7.888146877288818], [3727029960704.0, 7.8882856369018555], [3817539108864.0, 7.8884172439575195], [3908037509120.0, 7.888543128967285], [3998525947904.0, 7.888663291931152], [4089004949504.0, 7.888778209686279], [4179474776064.0, 7.888888359069824]], "gr": [[46002905088.0, 0.0], [50782765056.0, 0.7102463245391846], [34644975616.0, 2.1684648990631104], [58994659328.0, 3.1036012172698975], [48363855872.0, 3.7409942150115967], [35586330624.0, 4.849847316741943], [72548384768.0, 5.552445888519287], [80532013056.0, 5.840852737426758], [40099094528.0, 6.35664701461792], [62934683648.0, 9.603781700134277], [143471804416.0, 9.811605453491211], [221705388032.0, 9.870524406433105], [298842619904.0, 9.898882865905762], [375660478464.0, 9.915609359741211], [451923083264.0, 9.926671028137207], [527804792832.0, 9.934544563293457], [603408236544.0, 9.940442085266113], [678799278080.0, 9.945028305053711], [754023006208.0, 9.948698997497559], [829111140352.0, 9.951702117919922], [904087207936.0, 9.954208374023438], [978969231360.0, 9.956330299377441], [1053813768192.0, 9.958151817321777], [1129037692928.0, 9.959731101989746], [1204289667072.0, 9.961112022399902], [1279488819200.0, 9.962329864501953], [1354640916480.0, 9.963414192199707], [1429751070720.0, 9.964384078979492], [1504833830912.0, 9.965256690979004], [1580077940736.0, 9.966047286987305], [1655291248640.0, 9.966766357421875], [1730476769280.0, 9.967422485351562], [1805636468736.0, 9.968023300170898], [1880772575232.0, 9.968576431274414], [1955887054848.0, 9.969086647033691], [2030981480448.0, 9.969559669494629], [2106007355392.0, 9.970000267028809], [2180677500928.0, 9.970409393310547], [2255288008704.0, 9.97079086303711], [2329883181056.0, 9.971148490905762], [2404464459776.0, 9.97148323059082], [2479032631296.0, 9.97179889678955], [2553587957760.0, 9.972095489501953], [2628131487744.0, 9.972375869750977], [2702664007680.0, 9.972639083862305], [2777186304000.0, 9.97288990020752], [2851698376704.0, 9.973126411437988], [2926201012224.0, 9.97335147857666], [3000471912448.0, 9.973565101623535], [3074458910720.0, 9.973769187927246], [3148640157696.0, 9.973962783813477]], "theory": "Linear Signal Loss (\u03b3=+1.00)"}