{"sim": [[46002905088.0, 0.0], [37448622080.0, 1.2909469604492188], [35411353600.0, 2.7657546997070312], [54507585536.0, 3.7472944259643555], [60656193536.0, 4.28272008895874], [45331894272.0, 4.912274360656738], [50382307328.0, 8.19768238067627], [126999724032.0, 8.476901054382324], [190899568640.0, 8.55357551574707], [248725454848.0, 8.593128204345703], [304668966912.0, 8.617879867553711], [360830238720.0, 8.634990692138672], [418439495680.0, 8.647433280944824], [475943370752.0, 8.656858444213867], [532267532288.0, 8.664270401000977], [588836438016.0, 8.670271873474121], [646415908864.0, 8.67520523071289], [704157712384.0, 8.679329872131348], [761710510080.0, 8.682832717895508], [819207602176.0, 8.685842514038086], [875542544384.0, 8.688460350036621], [931966025728.0, 8.690763473510742], [988161507328.0, 8.692801475524902], [1043032702976.0, 8.694623947143555], [1097276784640.0, 8.696264266967773], [1150930649088.0, 8.697751998901367], [1204646969344.0, 8.69910717010498], [1258803691520.0, 8.700345993041992], [1312664059904.0, 8.701485633850098], [1366801252352.0, 8.702532768249512], [1421058637824.0, 8.703499794006348], [1474990440448.0, 8.70439624786377], [1529067864064.0, 8.705229759216309], [1583922151424.0, 8.706005096435547], [1638553485312.0, 8.706729888916016], [1692342419456.0, 8.707406997680664], [1745237049344.0, 8.708043098449707], [1797699272704.0, 8.708641052246094], [1849727516672.0, 8.709205627441406], [1901152305152.0, 8.709739685058594], [1951559843840.0, 8.710245132446289], [2001843781632.0, 8.710726737976074], [2052031774720.0, 8.71118450164795], [2101834809344.0, 8.711620330810547], [2151270973440.0, 8.712035179138184], [2200492048384.0, 8.712431907653809], [2249854812160.0, 8.712811470031738], [2299576188928.0, 8.713173866271973], [2349178290176.0, 8.713521957397461], [2398758109184.0, 8.713854789733887], [2448237789184.0, 8.714174270629883]], "gr": [[46002905088.0, 0.0], [50782765056.0, 0.7102463245391846], [34644975616.0, 2.1684648990631104], [58994659328.0, 3.1036012172698975], [48363855872.0, 3.7409942150115967], [35586330624.0, 4.849847316741943], [72548384768.0, 5.552445888519287], [80532013056.0, 5.840852737426758], [40099094528.0, 6.35664701461792], [62934683648.0, 9.603781700134277], [143471804416.0, 9.811605453491211], [221705388032.0, 9.870524406433105], [298842619904.0, 9.898882865905762], [375660478464.0, 9.915609359741211], [451923083264.0, 9.926671028137207], [527804792832.0, 9.934544563293457], [603408236544.0, 9.940442085266113], [678799278080.0, 9.945028305053711], [754023006208.0, 9.948698997497559], [829111140352.0, 9.951702117919922], [904087207936.0, 9.954208374023438], [978969231360.0, 9.956330299377441], [1053813768192.0, 9.958151817321777], [1129037692928.0, 9.959731101989746], [1204289667072.0, 9.961112022399902], [1279488819200.0, 9.962329864501953], [1354640916480.0, 9.963414192199707], [1429751070720.0, 9.964384078979492], [1504833830912.0, 9.965256690979004], [1580077940736.0, 9.966047286987305], [1655291248640.0, 9.966766357421875], [1730476769280.0, 9.967422485351562], [1805636468736.0, 9.968023300170898], [1880772575232.0, 9.968576431274414], [1955887054848.0, 9.969086647033691], [2030981480448.0, 9.969559669494629], [2106007355392.0, 9.970000267028809], [2180677500928.0, 9.970409393310547], [2255288008704.0, 9.97079086303711], [2329883181056.0, 9.971148490905762], [2404464459776.0, 9.97148323059082], [2479032631296.0, 9.97179889678955], [2553587957760.0, 9.972095489501953], [2628131487744.0, 9.972375869750977], [2702664007680.0, 9.972639083862305], [2777186304000.0, 9.97288990020752], [2851698376704.0, 9.973126411437988], [2926201012224.0, 9.97335147857666], [3000471912448.0, 9.973565101623535], [3074458910720.0, 9.973769187927246], [3148640157696.0, 9.973962783813477]], "theory": "Quantum Linear Signal Loss (\u03b2=+0.10)"}