{"name": "Linear Signal Loss (\u03b3=+0.25)", "loss_GR": 0.03500731984085363, "loss_RN": 0.3105796135729775}