{"name": "Quantum Corrected (\u03b1=-0.50)", "loss_GR": 0.0006126277145915318, "loss_RN": 0.2754986917791969}