{"name": "AffineAttentionUnificationTheory", "loss_GR": 1.6983369963442012e+19, "loss_RN": 1.6983369963442012e+19}