{"name": "Quantum Corrected (\u03b1=+2.00)", "loss_GR": 0.010285915745833672, "loss_RN": 0.21830996869229352}