{"name": "KaluzaAutoencoderTheory", "loss_GR": 1.015265307394048e+16, "loss_RN": 1.015265307394048e+16}