{"name": "Einstein Regularised Core", "loss_GR": 1.3173102169077305e-12, "loss_RN": 0.26878345731151915}