{"name": "Newtonian Limit", "loss_GR": 3.939695398338803e-10, "loss_RN": 0.2687786095529153}