{"name": "Log Corrected (\u03b2=-0.16)", "loss_GR": 0.03383360228407748, "loss_RN": 0.31149578810141243}