{"name": "EinsteinKaluzaUnifiedAttentionResidualTheory", "loss_GR": 2.1634499312248422e+17, "loss_RN": 2.1634499312248422e+17}