{"name": "Deathbed Unified (\u03b1=0.0075)", "loss_GR": 6.95607450325042e-05, "loss_RN": 0.26447027921676636}