{"name": "Variable G (\u03b4=-0.30)", "loss_GR": 2.8558426252102236, "loss_RN": 0.1321093676117048}