{"name": "Linear Signal Loss (\u03b3=+0.25)", "loss_GR": 0.03500732034444809, "loss_RN": 0.3105796277523041}