{"name": "NonSymmetricAffineKaluzaResidualAttentionDecoderTheory", "loss_GR": 2.9414968232194616e+21, "loss_RN": 2.9414968232194616e+21}