{"name": "TransformerInspiredMultiHeadResidualUnifiedDecoderTheory", "loss_GR": 7.10081321794483e+18, "loss_RN": 7.10081321794483e+18}