{"name": "EinsteinCartanResidualTheory", "loss_GR": 2.3779670549856256e+16, "loss_RN": 2.3779670549856256e+16}