{"name": "Newtonian Limit", "loss_GR": 3.939695514265651e-10, "loss_RN": 0.26877862215042114}