{"name": "Quantum Corrected (\u03b1=-1.50)", "loss_GR": 0.005598077550530434, "loss_RN": 0.28951314091682434}