{"name": "Variable G (\u03b4=+0.10)", "loss_GR": 0.022303882126494493, "loss_RN": 0.30110206403562473}