{"name": "Deathbed Unified (\u03b1=0.0080)", "loss_GR": 7.947130359560608e-05, "loss_RN": 0.26417386105152085}