{"name": "Log Corrected (\u03b2=+0.17)", "loss_GR": 0.6249522566795349, "loss_RN": 0.012120204977691174}