{"name": "Quantum Corrected (\u03b1=+1.00)", "loss_GR": 0.00249732774682343, "loss_RN": 0.24339105188846588}