{"name": "Linear Signal Loss (\u03b3=+0.25)", "loss_GR": 0.04290597114814668, "loss_RN": 0.393044229578625}