{"name": "Linear Signal Loss (\u03b3=+0.25)", "loss_GR": 0.04290597140789032, "loss_RN": 0.39304423332214355}