{"name": "Variable G (\u03b4=-0.20)", "loss_GR": 1.1755831264746157, "loss_RN": 0.003146750468664192}