{"name": "Log Corrected (\u03b2=-0.28)", "loss_GR": 0.0799361914396286, "loss_RN": 0.35430529713630676}