{"name": "Deathbed Unified (\u03b1=0.0075)", "loss_GR": 6.956074778886285e-05, "loss_RN": 0.264470274270109}