{"name": "NonSymmetricKaluzaAttentionDecoderTheory", "loss_GR": 2.530199593811968e+17, "loss_RN": 2.530199593811968e+17}