{"name": "Variable G (\u03b4=-0.00)", "loss_GR": 7.572898905183756e-12, "loss_RN": 0.26878416538238525}