{"name": "Linear Signal Loss (\u03b3=+0.75)", "loss_GR": 0.1527443577230075, "loss_RN": 0.1607022674849888}