{"name": "Participatory (w=0.92)", "loss_GR": 0.030213918536901474, "loss_RN": 0.18421822786331177}