{"name": "KaluzaTeleparallelResidualTheory", "loss_GR": 3.4073386455924736e+16, "loss_RN": 3.4073386455924736e+16}