{"name": "Linear Signal Loss (\u03b3=+1.00)", "loss_GR": 0.13289105892181396, "loss_RN": 0.13301274180412292}