{"name": "Einstein Final (Membrane, \u03b1=+0.00)", "loss_GR": 2.259846514059347e-15, "loss_RN": 0.26878293883466314}