{"name": "EinsteinUnifiedGeometricTorsionAttentionTheory", "loss_GR": 3.475798680020062e+27, "loss_RN": 3.475798680020062e+27}