{"name": "Log Corrected (\u03b2=-0.05)", "loss_GR": 0.007493264537624791, "loss_RN": 0.28922767376440744}