{"name": "TeleparallelAttentionTheory", "loss_GR": 4.813913967244972e+21, "loss_RN": 4.813913967244972e+21}