{"name": "Log Corrected (\u03b2=-0.16)", "loss_GR": 0.03383360058069229, "loss_RN": 0.3114957809448242}