{"name": "Participatory (w=0.92)", "loss_GR": 0.030213918834813953, "loss_RN": 0.18421822296827586}