{"name": "Linear Signal Loss (\u03b3=+0.50)", "loss_GR": 0.11282232403755188, "loss_RN": 0.3738236725330353}