{"name": "Log Corrected (\u03b2=-0.50)", "loss_GR": 0.12802411136058892, "loss_RN": 0.4032297686182965}