{"name": "Quantum Corrected (\u03b1=-1.50)", "loss_GR": 0.005598077536751773, "loss_RN": 0.2895131471213335}