{"name": "Variable G (\u03b4=-0.50)", "loss_GR": 7.506360083304948, "loss_RN": 0.8242449006764256}