{"name": "EinsteinKaluzaLogAlpha0_5", "loss_GR": 3.026272439668572e+18, "loss_RN": 3.026272439668572e+18}