{"name": "Deathbed Unified (\u03b1=0.0080)", "loss_GR": 7.94713050709106e-05, "loss_RN": 0.26417386531829834}