{"name": "Variable G (\u03b4=+0.10)", "loss_GR": 0.022303882986307144, "loss_RN": 0.30110207200050354}