{"name": "Variable G (\u03b4=-0.50)", "loss_GR": 7.506360054016113, "loss_RN": 0.8242449164390564}