{"name": "Stochastic Noise (\u03c3=1.0e-07)", "loss_GR": 1.2853517078817434e-12, "loss_RN": 0.26878347992897034}