{"name": "Quantum Corrected (\u03b1=-0.50)", "loss_GR": 0.0006126277148723602, "loss_RN": 0.2754986882209778}