{"name": "Deathbed Unified (\u03b1=0.0077)", "loss_GR": 7.442786639901895e-05, "loss_RN": 0.2643222491277145}