{"name": "Emergent (Hydrodynamic)", "loss_GR": 0.009601809102286142, "loss_RN": 0.291820835759805}