{"name": "Quantum Corrected (\u03b1=+1.50)", "loss_GR": 0.005695664136162508, "loss_RN": 0.23082195587720478}