{"name": "TeleparallelFlowTheory", "loss_GR": 2.787026680923816e+18, "loss_RN": 2.787026680923816e+18}