{"name": "Linear Signal Loss (\u03b3=+0.75)", "loss_GR": 0.15273034770838764, "loss_RN": 0.1606891344058744}