{"name": "Einstein Final (Cubic, \u03b1=+1.00)", "loss_GR": 0.0024973276455908773, "loss_RN": 0.2433910532878069}