{"name": "Linear Signal Loss (\u03b3=+1.00)", "loss_GR": 0.13287293249713322, "loss_RN": 0.13299688597788215}