{"name": "Log Corrected (\u03b2=-0.05)", "loss_GR": 0.007493264507502317, "loss_RN": 0.2892276644706726}