{"name": "Variable G (\u03b4=-0.10)", "loss_GR": 0.19657884538173676, "loss_RN": 0.08307638019323349}