{"name": "Quantum Corrected (\u03b1=-2.00)", "loss_GR": 0.010180805809795856, "loss_RN": 0.29709023237228394}