{"name": "Quantum Corrected (\u03b1=+1.50)", "loss_GR": 0.005695664323866367, "loss_RN": 0.23082195222377777}