{"name": "Einstein Final (Cubic, \u03b1=+0.50)", "loss_GR": 0.0006174278565217082, "loss_RN": 0.25603462989877673}